Workbook

Sheet README
A1: Applications Tracker — PersonalChatAI Job Search
A3: Kegunaan
A4: Track semua application untuk AI Engineer role. Log tiap apply, follow up, dan interview stage.
A6: Cara pakai
A7: 1. Sheet 'Targets': list 30 target companies pre-populated. Update priority + notes sesuai research kamu.
A8: 2. Sheet 'Applications': setiap apply, tambah row baru dengan status 'Applied'. Update status tiap ada perkembangan.
A9: 3. Sheet 'Dashboard': auto-hitung summary. Refresh setelah update Applications.
A10: 4. Warna sel: KUNING = editable, PUTIH = auto-formula (jangan edit).
A12: Status legend
A13: Prospect | B13: Company di target list, belum apply
A14: Applied | B14: Baru submit application, waiting response
A15: Screening | B15: Recruiter/HR screening call scheduled or done
A16: Interview-1 | B16: Technical/coding first round
A17: Interview-2 | B17: System design or deep-dive round
A18: Onsite | B18: Final onsite (multi-interview loop)
A19: Offer | B19: Received offer, negotiation stage
A20: Rejected | B20: Rejected by company
A21: Withdrawn | B21: Aku decline / withdraw
A22: Ghosted | B22: No response 14+ hari, likely rejection

Sheet Targets
A1: Priority | B1: Company | C1: Role Type | D1: Location | E1: Website | F1: Careers Page | G1: Contact Person | H1: Notes
A2: High | B2: Ruangguru | C2: AI/ML Engineer | D2: Jakarta / Remote | E2: ruangguru.com | F2: careers.ruangguru.com | H2: EdTech dengan AI features, RG AI team aktif hiring
A3: High | B3: Kata.ai | C3: AI Engineer | D3: Jakarta / Remote | E3: kata.ai | F3: kata.ai/career | H3: Conversational AI, chatbot spesialis
A4: High | B4: Traveloka | C4: ML Engineer | D4: Jakarta / Singapore | E4: traveloka.com | F4: careers.traveloka.com | H4: Data science tim besar, banyak AI use case
A5: High | B5: Tokopedia | C5: AI Engineer | D5: Jakarta | E5: tokopedia.com | F5: careers.tokopedia.com | H5: Merged w/ GoTo, AI di search + recommendation
A6: High | B6: Gojek | C6: ML Engineer | D6: Jakarta / Bangalore / Singapore | E6: gojek.com | F6: career.gojek.io | H6: AI di pricing, dispatch, fraud
A7: Medium | B7: Bukalapak | C7: AI Engineer | D7: Jakarta | E7: bukalapak.com | F7: bukalapak.com/careers | H7: AI di ads + personalization
A8: Medium | B8: Xendit | C8: ML Engineer | D8: Jakarta / Singapore / Remote | E8: xendit.co | F8: xendit.co/careers | H8: Fintech, fraud detection AI
A9: Medium | B9: OVO | C9: Data Scientist / AI | D9: Jakarta | E9: ovo.id | F9: ovo.id/careers | H9: Fintech consumer, AI di risk + fraud
A10: Medium | B10: Halodoc | C10: AI/ML Engineer | D10: Jakarta / Remote | E10: halodoc.com | F10: halodoc.com/careers | H10: HealthTech, AI di triage + doc
A11: Medium | B11: Investree | C11: ML Engineer | D11: Jakarta | E11: investree.id | F11: investree.id/careers | H11: P2P lending, credit scoring AI
A12: High | B12: Grab | C12: ML Engineer | D12: Singapore / Jakarta / Remote | E12: grab.com | F12: grab.careers | H12: Central AI team, banyak posisi
A13: High | B13: Shopee (SEA) | C13: AI Engineer | D13: Singapore / Jakarta | E13: shopee.com | F13: careers.shopee.sg | H13: Recommendation + search AI
... A31: Low | B31: Retool | C31: AI/Full-stack Engineer | D31: Remote / US | E31: retool.com | F31: retool.com/careers | H31: AI features in internal tools

Sheet Applications
A1: # | B1: Company | C1: Role | D1: Source | E1: Applied Date | F1: Status | G1: Last Update | H1: Days Since Apply | I1: Contact Person | J1: Contact Email | K1: Referral? | L1: Next Action | M1: Notes
A2: 1 | B2: Ruangguru | C2: AI Engineer | D2: LinkedIn | E2: 46239 | F2: Applied | G2: 46239 | H2: =IF(E2="","",TODAY()-E2) -> -1 | I2: Nama Recruiter | J2: recruiter@ruangguru.com | K2: No | L2: Follow up dalam 5 hari | M2: (Example row — hapus setelah paham format)
A3: 2 | H3: =IF(E3="","",TODAY()-E3)
A4: 3 | H4: =IF(E4="","",TODAY()-E4)
A5: 4 | H5: =IF(E5="","",TODAY()-E5)
A6: 5 | H6: =IF(E6="","",TODAY()-E6)
A7: 6 | H7: =IF(E7="","",TODAY()-E7)
A8: 7 | H8: =IF(E8="","",TODAY()-E8)
A9: 8 | H9: =IF(E9="","",TODAY()-E9)
A10: 9 | H10: =IF(E10="","",TODAY()-E10)
A11: 10 | H11: =IF(E11="","",TODAY()-E11)
A12: 11 | H12: =IF(E12="","",TODAY()-E12)
A13: 12 | H13: =IF(E13="","",TODAY()-E13)
A14: 13 | H14: =IF(E14="","",TODAY()-E14)
... A32: 31 | H32: =IF(E32="","",TODAY()-E32)

Sheet Dashboard
A1: Application Dashboard
A2: Auto-updated dari Applications sheet
A4: Status Breakdown
A5: Applied | B5: =COUNTIF(Applications!F:F,"Applied") -> 1
A6: Screening | B6: =COUNTIF(Applications!F:F,"Screening") -> 0
A7: Interview-1 | B7: =COUNTIF(Applications!F:F,"Interview-1") -> 0
A8: Interview-2 | B8: =COUNTIF(Applications!F:F,"Interview-2") -> 0
A9: Onsite | B9: =COUNTIF(Applications!F:F,"Onsite") -> 0
A10: Offer | B10: =COUNTIF(Applications!F:F,"Offer") -> 0
A11: Rejected | B11: =COUNTIF(Applications!F:F,"Rejected") -> 0
A12: Withdrawn | B12: =COUNTIF(Applications!F:F,"Withdrawn") -> 0
A13: Ghosted | B13: =COUNTIF(Applications!F:F,"Ghosted") -> 0
A15: Total Applications | B15: =SUM(B5:B13) -> 1
A17: Conversion Metrics
A18: Screening rate | B18: =IFERROR((B6+B7+B8+B9+B10)/B15,0) -> 0
A19: Interview rate | B19: =IFERROR((B7+B8+B9+B10)/B15,0) -> 0
A20: Onsite rate | B20: =IFERROR((B9+B10)/B15,0) -> 0
A21: Offer rate | B21: =IFERROR(B10/B15,0) -> 0
A23: Needs Follow-up (Applied 5+ days ago, no update)
A24: Count | B24: =COUNTIFS(Applications!F:F,"Applied",Applications!H:H,">=5") -> 0
A26: Weekly Target
A27: Applications this week | B27: =COUNTIFS(Applications!E:E,">="&TODAY()-7,Applications!E:E,"<="&TODAY()) -> 0
A28: Target: 5/week
